지점번호,지점명,일시,평균기온(℃),평균최고기온(℃),최고기온(℃),최고기온일자,평균최저기온(℃),최저기온(℃),최저기온일자
108,서울,Jan.92,-0.2,3.4,7.6,1992.1.28,-3.4,-9.1,1992.1.19
108,서울,Feb.92,0.7,5,15.9,1992.2.28,-3.3,-7.8,1992.2.8
108,서울,Mar.92,7.6,12.2,20.2,1992.3.27,3.5,-1.5,1992.3.7
108,서울,Apr.92,12,17.5,24.3,1992.4.9,7.1,1.5,1992.4.12
108,서울,May.92,16.4,21.9,29.9,1992.5.30,11.7,7.1,1992.5.1
108,서울,Jun.92,20.9,26,29.8,1992.6.27,16.4,10.8,1992.6.8
108,서울,Jul.92,24.8,28.4,32.4,1992.7.6,22,19.1,1992.7.3
108,서울,Aug.92,24.8,28.9,32.8,1992.8.29,21.4,18.4,1992.8.15
108,서울,Sep.92,20.9,25.1,30.9,1992.9.5,16.9,9.3,1992.9.27
108,서울,Oct.92,14,18.9,25.1,1992.10.1,9.7,4,1992.10.26
108,서울,Nov.92,6.2,10.8,17.2,1992.11.7,2.1,-9,1992.11.27
108,서울,Dec.92,1.5,5.1,13.3,1992.12.5,-2,-9.7,1992.12.23
108,서울,Jan.93,-1.9,1.9,8.4,1993.1.24,-5.5,-11.1,1993.1.19
108,서울,Feb.93,1,5.3,14.2,1993.2.6,-2.9,-8.6,1993.2.24
108,서울,Mar.93,5.8,10.5,16.6,1993.3.27,1.9,-6.2,1993.3.2
108,서울,Apr.93,10.6,15.8,23.5,1993.4.21,6.3,-0.3,1993.4.9
108,서울,May.93,18.2,23.8,31.9,1993.5.29,13.3,9.4,1993.5.2
108,서울,Jun.93,21.3,25.8,29.2,1993.6.26,17.8,13.4,1993.6.2
108,서울,Jul.93,23.3,27.6,31.1,1993.7.7,19.8,16.2,1993.7.21
108,서울,Aug.93,23.2,27.5,30.6,1993.8.12,19.8,16.3,1993.8.30
108,서울,Sep.93,21.2,26.3,30.5,1993.9.1,16.9,10.8,1993.9.30
108,서울,Oct.93,13.4,19.3,25,1993.10.8,8.3,0.6,1993.10.31
108,서울,Nov.93,8.5,12.5,20.9,1993.11.11,5.2,-9,1993.11.24
108,서울,Dec.93,-0.2,3.8,10,1993.12.25,-3.8,-11.2,1993.12.15
108,서울,Jan.94,-0.9,3.1,10,1994.1.9,-4.7,-12.3,1994.1.19
108,서울,Feb.94,0.8,5.8,11.4,1994.2.19,-3.2,-10.8,1994.2.10
108,서울,Mar.94,4,8.9,18.6,1994.3.31,-0.1,-5.5,1994.3.1
108,서울,Apr.94,15.2,21.4,28.9,1994.4.6,10,5.7,1994.4.14
108,서울,May.94,17.9,23.1,28,1994.5.23,13.4,8.3,1994.5.5
108,서울,Jun.94,22.8,28.2,34.7,1994.6.17,18.1,13.4,1994.6.20
108,서울,Jul.94,28.5,32.6,38.4,1994.7.24,25.3,21.3,1994.7.2
108,서울,Aug.94,27.6,31.9,37,1994.8.9,24.4,19,1994.8.22
108,서울,Sep.94,21,26.1,32,1994.9.4,16.7,12.1,1994.9.25
108,서울,Oct.94,15.2,20.3,25.9,1994.10.9,11.3,3.2,1994.10.31
108,서울,Nov.94,9.3,13.6,19.8,1994.11.6,5.4,-2.2,1994.11.27
108,서울,Dec.94,1.1,4.7,12.4,1994.12.1,-2.4,-12.6,1994.12.16
108,서울,Jan.95,-2.1,1.8,10.3,1995.1.8,-5.7,-11.1,1995.1.30
108,서울,Feb.95,1.2,6,9.9,1995.2.11,-2.8,-7.9,1995.2.1
108,서울,Mar.95,6,10.3,17.1,1995.3.15,2.2,-3.6,1995.3.17
108,서울,Apr.95,11.3,16.7,25.2,1995.4.30,6.5,-0.4,1995.4.2
108,서울,May.95,17.1,22.1,29,1995.5.18,12.1,6.3,1995.5.11
108,서울,Jun.95,21.6,26.3,29.6,1995.6.21,17.5,12.1,1995.6.1
108,서울,Jul.95,24.5,27.8,33.6,1995.7.23,21.7,17.7,1995.7.5
108,서울,Aug.95,26,29.2,33.7,1995.8.15,23.4,18.8,1995.8.30
108,서울,Sep.95,20,24.5,28.4,1995.9.1,15.7,10.7,1995.9.28
108,서울,Oct.95,15.5,20.6,25.6,1995.10.13,10.7,4.2,1995.10.31
108,서울,Nov.95,6.2,11.5,18.6,1995.11.6,1.8,-4.3,1995.11.24
108,서울,Dec.95,-1,3,6.9,1995.12.12,-4.4,-10.3,1995.12.30
108,서울,Jan.96,-2.2,2.3,9.8,1996.1.13,-5.6,-10.7,1996.1.4
108,서울,Feb.96,-1.6,3.2,14,1996.2.13,-5.5,-13.8,1996.2.2
108,서울,Mar.96,4.9,9.5,17.5,1996.3.29,1,-3.8,1996.3.12
108,서울,Apr.96,10.2,15.1,23.3,1996.4.27,5.9,-0.9,1996.4.2
108,서울,May.96,18.4,24.2,31.4,1996.5.31,13.3,9.8,1996.5.10
108,서울,Jun.96,22.3,26.5,32.7,1996.6.1,19.1,15.1,1996.6.18
108,서울,Jul.96,24.4,28.3,34.6,1996.7.31,21.2,16.6,1996.7.9
108,서울,Aug.96,26,29.8,35.4,1996.8.1,22.9,17.6,1996.8.28
108,서울,Sep.96,22,27.3,30.9,1996.9.2,17.5,11.6,1996.9.21
108,서울,Oct.96,14.5,19.4,23.8,1996.10.4,10,-0.4,1996.10.27
108,서울,Nov.96,6.1,10.3,18.8,1996.11.11,2.4,-8,1996.11.30
108,서울,Dec.96,1.6,6,12.7,1996.12.15,-2.5,-10.5,1996.12.1
108,서울,Jan.97,-3.3,1.2,8,1997.1.1,-7.1,-13.7,1997.1.22
108,서울,Feb.97,0.7,5.6,15.1,1997.2.27,-3.5,-8.1,1997.2.3
108,서울,Mar.97,6.8,11.8,20.2,1997.3.13,2.5,-4.3,1997.3.3
108,서울,Apr.97,13,18.1,22.3,1997.4.20,8.4,2.7,1997.4.1
108,서울,May.97,17,21.5,27.9,1997.5.5,12.9,8.8,1997.5.9
108,서울,Jun.97,23.4,28.5,35,1997.6.15,18.9,12.4,1997.6.2
108,서울,Jul.97,26.1,30.1,36.1,1997.7.26,22.8,18.1,1997.7.7
108,서울,Aug.97,26.8,31.3,34.1,1997.8.8,23.2,19.6,1997.8.5
108,서울,Sep.97,20.2,25.4,31.9,1997.9.6,15.7,10.3,1997.9.22
108,서울,Oct.97,13.4,19,26.3,1997.10.2,8.2,-2,1997.10.31
108,서울,Nov.97,8.8,13.7,20.2,1997.11.11,4.6,-3.2,1997.11.19
108,서울,Dec.97,1.8,5.7,12.8,1997.12.19,-1.8,-11.3,1997.12.10
108,서울,Jan.98,-1.3,2.8,8.2,1998.1.3,-4.7,-15.4,1998.1.24
108,서울,Feb.98,3.4,7.8,15,1998.2.25,-0.6,-7.7,1998.2.10
108,서울,Mar.98,7.3,12.5,19.1,1998.3.29,2.8,-3.2,1998.3.20
108,서울,Apr.98,15.6,20.9,26.3,1998.4.11,11.1,1.9,1998.4.2
108,서울,May.98,19,24.3,31.4,1998.5.21,14,10.4,1998.5.11
108,서울,Jun.98,21.9,26.4,31.8,1998.6.22,18,13.2,1998.6.5
108,서울,Jul.98,24.9,28.6,32.2,1998.7.28,21.9,19.5,1998.7.26
108,서울,Aug.98,25,28.8,32,1998.8.2,22.1,17.4,1998.8.28
108,서울,Sep.98,23,27.8,32.8,1998.9.12,19,15.4,1998.9.17
108,서울,Oct.98,17,22,26.5,1998.10.2,12.7,4.9,1998.10.20
108,서울,Nov.98,7.3,12.2,20.5,1998.11.14,3.3,-6.8,1998.11.19
108,서울,Dec.98,2.3,6.6,12.9,1998.12.18,-1.7,-8.1,1998.12.10
108,서울,Jan.99,-0.8,3.5,12.4,1999.1.24,-4.7,-12.2,1999.1.9
108,서울,Feb.99,0.7,5,10.2,1999.2.16,-3.1,-12.3,1999.2.3
108,서울,Mar.99,6.7,11.7,18.8,1999.3.4,1.6,-6.2,1999.3.22
108,서울,Apr.99,13.9,19.3,28.2,1999.4.25,8.7,1.6,1999.4.7
108,서울,May.99,17.5,22.7,28.1,1999.5.31,12.4,10.2,1999.5.2
108,서울,Jun.99,23.1,28.3,33.6,1999.6.29,18.5,15.8,1999.6.3
108,서울,Jul.99,25.9,30,34.9,1999.7.20,22.3,18.2,1999.7.12
108,서울,Aug.99,26,30.2,35.4,1999.8.17,22.3,19.5,1999.8.28
108,서울,Sep.99,22.9,27,32,1999.9.13,19.4,12.8,1999.9.21
108,서울,Oct.99,14.3,19.1,24,1999.10.12,10,1.5,1999.10.17
108,서울,Nov.99,7.9,12.6,18.6,1999.11.9,3.8,-6.1,1999.11.26
108,서울,Dec.99,0.4,4.4,12,1999.12.10,-3.4,-11.5,1999.12.21
108,서울,Jan.00,-2.1,1.7,9.9,2000.1.1,-5.7,-12.1,2000.1.7
108,서울,Feb.00,-1.7,2.6,7.5,2000.2.19,-5.8,-11.6,2000.2.1
108,서울,Mar.00,6.3,11.4,18.9,2000.3.27,1.7,-4.8,2000.3.8
108,서울,Apr.00,11.9,16.9,23.5,2000.4.20,7.3,1.8,2000.4.11
108,서울,May.00,17.5,22.7,30.5,2000.5.25,12.9,7.9,2000.5.2
108,서울,Jun.00,23.7,29.2,33.9,2000.6.18,19.1,14.6,2000.6.9
108,서울,Jul.00,26.8,31,34.2,2000.7.6,23.1,19.9,2000.7.1
108,서울,Aug.00,26.2,30,35.1,2000.8.2,22.9,19,2000.8.21
108,서울,Sep.00,20.7,24.8,31,2000.9.3,17.1,11.9,2000.9.19
108,서울,Oct.00,14.9,19.2,26.5,2000.10.7,10.7,3.5,2000.10.30
108,서울,Nov.00,7,11.1,20.3,2000.11.6,2.7,-3.8,2000.11.22
108,서울,Dec.00,0.9,4.9,11.9,2000.12.9,-2.9,-11.4,2000.12.26
108,서울,Jan.01,-4.1,-0.8,6.8,2001.1.25,-7.8,-18.6,2001.1.15
108,서울,Feb.01,-0.3,3.7,12.2,2001.2.22,-3.7,-10.4,2001.2.2
108,서울,Mar.01,5,9.6,21,2001.3.24,0.9,-6.1,2001.3.8
108,서울,Apr.01,13.6,19.2,28.2,2001.4.9,8.7,2.1,2001.4.3
108,서울,May.01,19.1,24.7,31.5,2001.5.21,14.8,10.4,2001.5.10
108,서울,Jun.01,22.5,27.1,32.7,2001.6.10,19.2,15.6,2001.6.1
108,서울,Jul.01,25.9,29.9,32.8,2001.7.26,22.9,20.3,2001.7.10
108,서울,Aug.01,26.5,30.8,35.3,2001.8.17,22.8,19.4,2001.8.13
108,서울,Sep.01,22.5,27.5,31.7,2001.9.3,17.9,11,2001.9.22
108,서울,Oct.01,16.5,21,25.3,2001.10.14,12.4,8.8,2001.10.19
108,서울,Nov.01,7,11.5,16,2001.11.9,2.9,-3.1,2001.11.27
108,서울,Dec.01,-0.6,3.4,10.9,2001.12.11,-4,-8.8,2001.12.18
108,서울,Jan.02,0.3,3.9,13.5,2002.1.15,-2.9,-12,2002.1.3
108,서울,Feb.02,2.9,7.1,12.6,2002.2.24,-0.8,-5.1,2002.2.9
108,서울,Mar.02,7.6,12.4,19.4,2002.3.13,3.6,-2.9,2002.3.7
108,서울,Apr.02,13.6,18.6,27.7,2002.4.22,8.8,4.3,2002.4.10
108,서울,May.02,18.2,23.5,27.7,2002.5.23,13.3,10,2002.5.8
108,서울,Jun.02,22.2,27.3,32,2002.6.29,17.9,14.5,2002.6.26
108,서울,Jul.02,25.2,28.8,34.8,2002.7.28,22.2,18.9,2002.7.20
108,서울,Aug.02,24.2,27.5,32.2,2002.8.29,21.4,17.9,2002.8.12
108,서울,Sep.02,21.6,26.1,30.6,2002.9.3,17.8,13.5,2002.9.23
108,서울,Oct.02,12.8,17.7,24.9,2002.10.17,8.8,-0.3,2002.10.28
108,서울,Nov.02,4,8,16.7,2002.11.7,0.3,-4.8,2002.11.19
108,서울,Dec.02,1.7,5.3,15.9,2002.12.4,-1.6,-9.1,2002.12.10
108,서울,Jan.03,-2.5,1.1,8.7,2003.1.13,-5.8,-15.5,2003.1.5
108,서울,Feb.03,2.7,6.6,11.9,2003.2.28,-0.7,-8.3,2003.2.12
108,서울,Mar.03,6.5,10.6,20.9,2003.3.31,2.9,-5,2003.3.4
108,서울,Apr.03,13.2,17.9,24.6,2003.4.28,9,4.8,2003.4.10
108,서울,May.03,19.6,25,30.4,2003.5.28,14.4,8.5,2003.5.1
108,서울,Jun.03,21.5,25.8,31.1,2003.6.9,18,14.4,2003.6.7
108,서울,Jul.03,23.8,27.7,31.4,2003.7.30,20.7,18.3,2003.7.18
108,서울,Aug.03,24.1,27.6,32.2,2003.8.5,21.3,16.6,2003.8.31
108,서울,Sep.03,20.9,24.9,28.7,2003.9.8,17.5,13.8,2003.9.22
108,서울,Oct.03,13.9,19,26,2003.10.10,9.6,2.7,2003.10.29
108,서울,Nov.03,9.5,13.5,21.3,2003.11.2,5.9,-3.2,2003.11.22
108,서울,Dec.03,0.7,4.4,12,2003.12.1,-2.8,-8.1,2003.12.20
108,서울,Jan.04,-1.5,2.1,8.1,2004.1.5,-4.9,-16.7,2004.1.22
108,서울,Feb.04,2.3,6.9,18.7,2004.2.20,-1.6,-7.8,2004.2.6
108,서울,Mar.04,6.3,11.1,18.7,2004.3.16,2.1,-5.6,2004.3.7
108,서울,Apr.04,13.1,18.3,27.3,2004.4.18,8.5,2.7,2004.4.4
108,서울,May.04,17.6,22.2,27.6,2004.5.27,13.7,8.8,2004.5.5
108,서울,Jun.04,23.2,27.7,32.5,2004.6.3,19.3,14.6,2004.6.1
108,서울,Jul.04,24.8,27.7,34.5,2004.7.31,22.3,19.5,2004.7.5
108,서울,Aug.04,26.1,30.2,36.2,2004.8.10,22.8,18.7,2004.8.24
108,서울,Sep.04,21.7,26.3,31.3,2004.9.5,17.8,12.8,2004.9.22
108,서울,Oct.04,15.2,20.8,25.6,2004.10.8,10.3,5.3,2004.10.27
108,서울,Nov.04,9.1,13.4,21.5,2004.11.9,5.3,0.2,2004.11.13
108,서울,Dec.04,1.9,5.8,16.2,2004.12.3,-1.4,-8.3,2004.12.30
108,서울,Jan.05,-2.5,1.5,7.3,2005.1.28,-6.2,-11,2005.1.31
108,서울,Feb.05,-1.9,2.2,10.5,2005.2.17,-5.5,-13.1,2005.2.1
108,서울,Mar.05,4.1,8.8,17.6,2005.3.27,0.2,-6.5,2005.3.12
108,서울,Apr.05,13.2,18.1,29.8,2005.4.30,8.9,4.1,2005.4.4
108,서울,May.05,17.7,22.9,30.2,2005.5.29,13,6.3,2005.5.7
108,서울,Jun.05,22.7,27.3,32,2005.6.24,19.1,15.5,2005.6.1
108,서울,Jul.05,25.3,28.8,34.2,2005.7.22,22.7,18.3,2005.7.12
108,서울,Aug.05,25.1,28.7,35,2005.8.6,22.4,16.5,2005.8.24
108,서울,Sep.05,21.8,25.7,30.8,2005.9.11,18.6,13.8,2005.9.21
108,서울,Oct.05,14.7,19.4,24.9,2005.10.6,10.7,3,2005.10.23
108,서울,Nov.05,8.6,12.9,21.8,2005.11.4,4.6,-1.1,2005.11.16
108,서울,Dec.05,-3.9,-0.1,11.1,2005.12.1,-7.4,-14,2005.12.18
108,서울,Jan.06,-0.2,3.4,9.3,2006.1.14,-3.3,-10.1,2006.1.6
108,서울,Feb.06,0.1,4.2,11.5,2006.2.24,-4,-14.1,2006.2.3
108,서울,Mar.06,5.2,9.9,17.2,2006.3.22,0.9,-6.9,2006.3.13
108,서울,Apr.06,11.6,16.2,22.2,2006.4.11,7.7,2.9,2006.4.16
108,서울,May.06,18.4,23.4,28.3,2006.5.21,14,10.8,2006.5.14
108,서울,Jun.06,21.8,26.3,32.4,2006.6.2,18.1,14.1,2006.6.12
108,서울,Jul.06,23.1,26,30.1,2006.7.31,20.9,17.5,2006.7.18
108,서울,Aug.06,27,31.1,34.7,2006.8.4,23.9,20.8,2006.8.19
108,서울,Sep.06,21.1,25.7,30.3,2006.9.2,16.9,11.3,2006.9.11
108,서울,Oct.06,17.9,22.6,27.5,2006.10.4,13.9,7.9,2006.10.30
108,서울,Nov.06,8.4,12.4,20.2,2006.11.3,4.5,-1.3,2006.11.7
108,서울,Dec.06,1.4,5.4,12.6,2006.12.26,-2,-12.3,2006.12.29
108,서울,Jan.07,0.4,4.1,11.8,2007.1.4,-2.8,-7.6,2007.1.14
108,서울,Feb.07,4,8.7,14.8,2007.2.28,0.1,-8.6,2007.2.2
108,서울,Mar.07,6.1,10.3,16.2,2007.3.23,2.3,-7.6,2007.3.6
108,서울,Apr.07,11.4,16.1,22.5,2007.4.29,7.5,1.6,2007.4.3
108,서울,May.07,18.1,23.4,30.1,2007.5.27,13.6,9,2007.5.10
108,서울,Jun.07,23.2,27.7,33.2,2007.6.18,19.2,14.1,2007.6.9
108,서울,Jul.07,24.2,27.8,31.2,2007.7.30,21.3,17.7,2007.7.11
108,서울,Aug.07,26.5,29.9,33.2,2007.8.23,23.8,19.8,2007.8.31
108,서울,Sep.07,21.5,25.1,31.1,2007.9.20,18.6,14.1,2007.9.29
108,서울,Oct.07,15.1,19.6,26.2,2007.10.5,11.3,3.2,2007.10.20
108,서울,Nov.07,6.7,11.4,19.3,2007.11.8,2.8,-5.5,2007.11.19
108,서울,Dec.07,1.8,5.4,13.8,2007.12.26,-1.4,-7.4,2007.12.30
108,서울,Jan.08,-1.7,1.9,7.3,2008.1.6,-5,-11.1,2008.1.17
108,서울,Feb.08,-1.2,3.2,10.5,2008.2.22,-4.9,-10.1,2008.2.13
108,서울,Mar.08,7.3,11.9,19.8,2008.3.21,3.7,-1.7,2008.3.5
108,서울,Apr.08,14.1,19.5,28,2008.4.19,9.3,3.8,2008.4.4
108,서울,May.08,17.7,22.7,28.5,2008.5.29,13.1,8.1,2008.5.14
108,서울,Jun.08,21.5,26.1,29.6,2008.6.20,17.6,13.7,2008.6.5
108,서울,Jul.08,25.1,28.4,32.9,2008.7.9,22.6,20.2,2008.7.1
108,서울,Aug.08,25.3,29.5,35.4,2008.8.8,21.8,16.3,2008.8.22
108,서울,Sep.08,22,26.9,32,2008.9.17,18,10.3,2008.9.27
108,서울,Oct.08,16.1,21,28.3,2008.10.18,12.1,5.6,2008.10.28
108,서울,Nov.08,7.6,11.7,18.4,2008.11.6,3.8,-7.2,2008.11.19
108,서울,Dec.08,1.1,5,13.3,2008.12.10,-2.7,-13.1,2008.12.6
108,서울,Jan.09,-2,2.3,12.2,2009.1.30,-5.5,-11.4,2009.1.24
108,서울,Feb.09,2.9,6.8,16.1,2009.2.13,-0.6,-8.6,2009.2.17
108,서울,Mar.09,6,10.6,22.2,2009.3.21,1.8,-3.3,2009.3.14
108,서울,Apr.09,12.7,18,25.8,2009.4.19,8.1,2.2,2009.4.1
108,서울,May.09,19.1,24.3,31,2009.5.28,14.6,9.8,2009.5.5
108,서울,Jun.09,22.4,26.7,32.4,2009.6.27,18.8,14.3,2009.6.1
108,서울,Jul.09,24.3,28.2,32.4,2009.7.16,21,18.7,2009.7.10
108,서울,Aug.09,25.7,29.5,34.4,2009.8.16,22.4,16.4,2009.8.31
108,서울,Sep.09,21.8,26.3,29.9,2009.9.6,17.7,14.4,2009.9.22
108,서울,Oct.09,16,20.9,26.4,2009.10.1,11.7,6.2,2009.10.20
108,서울,Nov.09,6.9,10.4,21.8,2009.11.9,3.7,-4.3,2009.11.18
108,서울,Dec.09,-1,2.5,10.1,2009.12.1,-4.2,-12.9,2009.12.31
108,서울,Jan.10,-4.5,-0.7,8.4,2010.1.20,-8.1,-15.3,2010.1.13
108,서울,Feb.10,1.4,4.9,17.9,2010.2.24,-1.7,-10.8,2010.2.3
108,서울,Mar.10,4.3,8.1,14.2,2010.3.30,0.5,-4,2010.3.10
108,서울,Apr.10,9.5,14,20.7,2010.4.20,5.6,1.1,2010.4.3
108,서울,May.10,17.2,22,28.6,2010.5.21,13,5.8,2010.5.1
108,서울,Jun.10,23.4,28.2,32.7,2010.6.10,19.3,12.1,2010.6.1
108,서울,Jul.10,25.8,29.3,32.3,2010.7.20,23.1,21,2010.7.12
108,서울,Aug.10,26.5,30,33.8,2010.8.5,23.8,19.9,2010.8.25
108,서울,Sep.10,21.8,26,31.4,2010.9.1,18.5,8.4,2010.9.30
108,서울,Oct.10,14.5,19.3,24.2,2010.10.9,10.4,0.7,2010.10.27
108,서울,Nov.10,6.5,11.3,17.4,2010.11.13,2.5,-5.2,2010.11.28
108,서울,Dec.10,-1.3,3.1,13.5,2010.12.2,-5.1,-15.1,2010.12.24
108,서울,Jan.11,-7.2,-3.4,0.3,2011.1.14,-10.5,-17.8,2011.1.16
108,서울,Feb.11,1.2,5.9,13.2,2011.2.26,-2.5,-9.2,2011.2.12
108,서울,Mar.11,3.6,8.3,16.8,2011.3.31,-0.1,-5.5,2011.3.3
108,서울,Apr.11,10.7,15.6,19,2011.4.15,6.8,4.3,2011.4.1
108,서울,May.11,17.9,23,31.2,2011.5.29,13.6,8.5,2011.5.2
108,서울,Jun.11,22,26.6,32.9,2011.6.19,18.4,14.4,2011.6.3
108,서울,Jul.11,24.6,28,34.1,2011.7.18,22,18.9,2011.7.4
108,서울,Aug.11,25.8,29.5,34.1,2011.8.5,23,18.1,2011.8.23
108,서울,Sep.11,21.8,26.6,32.4,2011.9.2,17.7,10.3,2011.9.30
108,서울,Oct.11,14.2,19.3,23.4,2011.10.13,9.7,3.1,2011.10.26
108,서울,Nov.11,10.7,14.7,25.9,2011.11.5,7.2,-5.5,2011.11.24
108,서울,Dec.11,-0.9,2.9,9.1,2011.12.3,-4.1,-10.6,2011.12.17
108,서울,Jan.12,-2.8,1.3,8.4,2012.1.19,-6.3,-12.2,2012.1.23
108,서울,Feb.12,-2,3,12.1,2012.2.22,-6,-17.1,2012.2.2
108,서울,Mar.12,5.1,9.5,16.2,2012.3.29,1.5,-5.7,2012.3.12
108,서울,Apr.12,12.3,17.9,29.4,2012.4.30,7.8,0.6,2012.4.7
108,서울,May.12,19.7,25.1,29.3,2012.5.22,15.4,12,2012.5.18
108,서울,Jun.12,24.1,29.7,33.5,2012.6.19,20,16.3,2012.6.1
108,서울,Jul.12,25.4,29,33.2,2012.7.29,22.4,18.5,2012.7.7
108,서울,Aug.12,27.1,30.9,36.7,2012.8.5,23.9,18.7,2012.8.31
108,서울,Sep.12,21,25,29.5,2012.9.2,17.4,12,2012.9.30
108,서울,Oct.12,15.3,20.5,26,2012.10.3,11,2.8,2012.10.31
108,서울,Nov.12,5.5,9.5,15.7,2012.11.3,1.8,-3,2012.11.30
108,서울,Dec.12,-4.1,-0.5,8.3,2012.12.15,-7.4,-14.5,2012.12.26
108,서울,Jan.13,-3.4,0.3,11.5,2013.1.31,-6.6,-16.4,2013.1.3
108,서울,Feb.13,-1.2,2.8,13.9,2013.2.28,-4.9,-15.8,2013.2.8
108,서울,Mar.13,5.1,10.8,23.8,2013.3.9,0.7,-4.4,2013.3.2
108,서울,Apr.13,10,15,21.6,2013.4.28,5.7,1.3,2013.4.10
108,서울,May.13,18.2,23.6,31.8,2013.5.25,13.7,7.9,2013.5.6
108,서울,Jun.13,24.4,29.2,32.6,2013.6.29,20.5,16.3,2013.6.2
108,서울,Jul.13,25.5,28.3,31.3,2013.7.1,23.4,20.5,2013.7.3
108,서울,Aug.13,27.7,31.1,33.9,2013.8.21,24.8,21.1,2013.8.31
108,서울,Sep.13,21.8,25.9,31.1,2013.9.18,18,10.9,2013.9.27
108,서울,Oct.13,15.8,21.2,28.1,2013.10.5,10.9,4.3,2013.10.26
108,서울,Nov.13,6.2,10.7,20.7,2013.11.1,2.1,-6.4,2013.11.28
108,서울,Dec.13,-0.2,3.5,11,2013.12.7,-3.5,-9.8,2013.12.28
108,서울,Jan.14,-0.7,3.5,8.2,2014.1.29,-4.9,-10.5,2014.1.13
108,서울,Feb.14,1.9,6.6,16.4,2014.2.26,-1.8,-10.5,2014.2.4
108,서울,Mar.14,7.9,13.1,23.8,2014.3.28,3.5,-4.6,2014.3.7
108,서울,Apr.14,14,19.6,26.2,2014.4.24,9.4,2.3,2014.4.6
108,서울,May.14,18.9,25.3,33.3,2014.5.31,13.8,6.8,2014.5.5
108,서울,Jun.14,23.1,27.8,31.1,2014.6.6,19.7,17.3,2014.6.12
108,서울,Jul.14,26.1,30.6,34.4,2014.7.31,22.9,19.1,2014.7.24
108,서울,Aug.14,25.2,29,35.8,2014.8.2,22.1,18.3,2014.8.11
108,서울,Sep.14,22.1,27,31.3,2014.9.7,18,14.9,2014.9.19
108,서울,Oct.14,15.6,21.4,29,2014.10.12,10.7,2.7,2014.10.28
108,서울,Nov.14,9,13.8,22.9,2014.11.1,4.9,-3.1,2014.11.13
108,서울,Dec.14,-2.9,1.5,7.9,2014.12.1,-6.7,-13.2,2014.12.18
108,서울,Jan.15,-0.9,3.6,9,2015.1.15,-4.8,-9.8,2015.1.1
108,서울,Feb.15,1,6,13,2015.2.15,-2.9,-13,2015.2.9
108,서울,Mar.15,6.3,12.4,21.9,2015.3.20,1,-6.9,2015.3.10
108,서울,Apr.15,13.3,18.8,28.3,2015.4.30,8.4,3.5,2015.4.8
108,서울,May.15,18.9,24.9,32.2,2015.5.28,13.6,8.3,2015.5.5
108,서울,Jun.15,23.6,29.5,34.9,2015.6.10,18.9,15.6,2015.6.21
108,서울,Jul.15,25.8,30,36,2015.7.11,22.6,18.2,2015.7.4
108,서울,Aug.15,26.3,30.8,34.4,2015.8.7,22.8,18.9,2015.8.26
108,서울,Sep.15,22.4,28.1,31,2015.9.22,17.5,14.2,2015.9.27
108,서울,Oct.15,15.5,21.2,26.6,2015.10.17,10.8,1.1,2015.10.31
108,서울,Nov.15,8.9,12.7,21,2015.11.12,5.9,-7.3,2015.11.27
108,서울,Dec.15,1.6,6,12.2,2015.12.13,-2.1,-9.5,2015.12.28
108,서울,Jan.16,-3.2,1.1,9.5,2016.1.2,-6.8,-18,2016.1.24
108,서울,Feb.16,0.2,5.1,14.4,2016.2.13,-4.1,-10,2016.2.15
108,서울,Mar.16,7,12.6,21.4,2016.3.31,2.4,-7.5,2016.3.1
108,서울,Apr.16,14.1,20.3,29.6,2016.4.26,9.1,5.1,2016.4.4
108,서울,May.16,19.6,25.7,31.9,2016.5.19,14.1,8.9,2016.5.3
108,서울,Jun.16,23.6,28.7,32.2,2016.6.5,19.5,17.1,2016.6.1
108,서울,Jul.16,26.2,29.8,34.1,2016.7.22,23.3,19.8,2016.7.16
108,서울,Aug.16,28,32.6,36.6,2016.8.21,24.5,16.1,2016.8.31
108,서울,Sep.16,23.1,27.9,31.1,2016.9.5,19.3,14.3,2016.9.21
108,서울,Oct.16,16.1,21.3,29,2016.10.4,11.6,0.7,2016.10.31
108,서울,Nov.16,6.8,11.6,18.6,2016.11.19,2.8,-6.2,2016.11.24
108,서울,Dec.16,1.2,5.8,13.6,2016.12.20,-2.7,-9.8,2016.12.16
108,서울,Jan.17,-1.8,2.9,11.4,2017.1.6,-5.8,-12.6,2017.1.23
108,서울,Feb.17,-0.2,4.8,12.3,2017.2.28,-4.7,-9.3,2017.2.10
108,서울,Mar.17,6.3,12.3,18.9,2017.3.19,1.7,-5.3,2017.3.8
108,서울,Apr.17,13.9,20,27.8,2017.4.30,9.1,3.1,2017.4.2
108,서울,May.17,19.5,25.4,30.3,2017.5.30,14.4,10,2017.5.6
108,서울,Jun.17,23.3,28.8,34.1,2017.6.23,18.7,14.5,2017.6.6
108,서울,Jul.17,26.9,30.4,35.4,2017.7.25,24.3,21.9,2017.7.3
108,서울,Aug.17,25.9,29.7,35.3,2017.8.4,22.9,16.1,2017.8.30
108,서울,Sep.17,22.1,27.4,31.4,2017.9.26,17.5,11.2,2017.9.29
108,서울,Oct.17,16.4,22.5,29.4,2017.10.2,11.6,2.5,2017.10.30
108,서울,Nov.17,5.6,10.5,18.4,2017.11.7,1.3,-6.6,2017.11.19
108,서울,Dec.17,-1.9,2.2,8.7,2017.12.23,-5.7,-12.3,2017.12.12
108,서울,Jan.18,-4,0.1,8.7,2018.1.17,-7.3,-17.8,2018.1.26
108,서울,Feb.18,-1.6,3.3,10.4,2018.2.26,-5.9,-13.4,2018.2.7
108,서울,Mar.18,8.1,13.6,22.1,2018.3.14,3.8,-6.7,2018.3.2
108,서울,Apr.18,13,18.5,26.3,2018.4.20,8.1,0.1,2018.4.9
108,서울,May.18,18.2,23.3,29.6,2018.5.26,13.4,6.9,2018.5.3
108,서울,Jun.18,23.1,28.4,32.9,2018.6.25,18.9,16.3,2018.6.16
108,서울,Jul.18,27.8,32.1,38.3,2018.7.31,24.2,17.7,2018.7.8
108,서울,Aug.18,28.8,33.3,39.6,2018.8.1,25.2,20.2,2018.8.27
108,서울,Sep.18,21.5,26,30.9,2018.9.1,17.6,10.8,2018.9.25
108,서울,Oct.18,13.1,18.6,25.6,2018.10.4,8.5,0.7,2018.10.30
108,서울,Nov.18,7.8,13.2,19.4,2018.11.4,3.6,-3.1,2018.11.23
108,서울,Dec.18,-0.6,4.1,13.5,2018.12.3,-4.7,-14.4,2018.12.28
108,서울,Jan.19,-0.9,4.1,8.5,2019.1.19,-5.1,-10.1,2019.1.16
108,서울,Feb.19,1,6,14.5,2019.2.23,-3.2,-10.2,2019.2.8
108,서울,Mar.19,7.1,12.4,17.6,2019.3.26,2.7,-1.7,2019.3.14
108,서울,Apr.19,12.1,17.6,28.2,2019.4.22,7.2,0.3,2019.4.1
108,서울,May.19,19.4,25.6,33.4,2019.5.24,13.7,8.4,2019.5.7
108,서울,Jun.19,22.5,27.7,32.8,2019.6.25,18.1,14.1,2019.6.2
108,서울,Jul.19,25.9,30.1,36.1,2019.7.6,22.7,19.3,2019.7.10
108,서울,Aug.19,27.2,31.6,36.8,2019.8.6,23.6,18.5,2019.8.31
108,서울,Sep.19,22.6,27.1,30.5,2019.9.16,19,13.6,2019.9.19
108,서울,Oct.19,16.4,21.8,28.2,2019.10.1,11.8,4.7,2019.10.27
108,서울,Nov.19,7.6,12.9,22.1,2019.11.3,3.1,-4.6,2019.11.20
108,서울,Dec.19,1.4,5.3,12.9,2019.12.16,-2.6,-10.9,2019.12.31
108,서울,Jan.20,1.6,5.9,11.9,2020.1.26,-1.7,-6.5,2020.1.1
108,서울,Feb.20,2.5,7.2,15.6,2020.2.15,-1.3,-11.8,2020.2.6
108,서울,Mar.20,7.7,13.3,20.6,2020.3.26,2.6,-2.8,2020.3.5
108,서울,Apr.20,11.1,16.6,23.8,2020.4.16,6.3,1.9,2020.4.5
108,서울,May.20,18,23.3,30,2020.5.30,13.7,9.2,2020.5.20
108,서울,Jun.20,23.9,29,35.4,2020.6.22,19.9,14.8,2020.6.2
108,서울,Jul.20,24.1,28,32.9,2020.7.9,21.1,17.2,2020.7.14
108,서울,Aug.20,26.5,29.3,34.5,2020.8.26,24.4,21.5,2020.8.23
108,서울,Sep.20,21.4,25.6,29.5,2020.9.1,18,13.6,2020.9.21
108,서울,Oct.20,14.3,19.5,23.6,2020.10.1,9.6,3.2,2020.10.24
108,서울,Nov.20,8,12.6,20,2020.11.17,4,-3.6,2020.11.30
108,서울,Dec.20,-0.3,3.9,11.4,2020.12.28,-4.2,-12.9,2020.12.31
108,서울,Jan.21,-2.4,2.2,13.9,2021.1.25,-6.8,-18.6,2021.1.8
108,서울,Feb.21,2.7,7.9,17.4,2021.2.21,-2.2,-10.6,2021.2.18
108,서울,Mar.21,9,14.8,22.9,2021.3.31,4.3,-1.2,2021.3.3
108,서울,Apr.21,14.2,19.5,28.2,2021.4.21,9.5,3.1,2021.4.14
108,서울,May.21,17.1,21.9,30.8,2021.5.14,12.8,7.3,2021.5.2
108,서울,Jun.21,22.8,27.6,31.6,2021.6.9,18.9,13.3,2021.6.4
108,서울,Jul.21,28.1,32.2,36.5,2021.7.24,24.6,19.6,2021.7.3
108,서울,Aug.21,25.9,29.7,33.7,2021.8.5,22.8,18.1,2021.8.31
108,서울,Sep.21,22.6,26.9,30.3,2021.9.13,18.8,16,2021.9.30
108,서울,Oct.21,15.6,20.5,28.8,2021.10.3,11.6,1.3,2021.10.17
108,서울,Nov.21,8.2,13.1,21.3,2021.11.7,4,-3.7,2021.11.23
108,서울,Dec.21,0.6,5.1,13.3,2021.12.8,-3.5,-15.5,2021.12.26